Campaign_ID,Advertising_Spend_Thousands,Sales_Thousands
C001,54.7,145.5
C002,77.6,191.3
C003,80.9,205.3
C004,51.8,153.1
C005,62.0,167.9
C006,93.5,249.7
C007,16.4,69.0
C008,16.1,82.6
C009,13.3,51.1
C010,67.5,161.5
C011,44.8,146.3
C012,78.6,204.7
C013,68.8,203.4
C014,36.7,117.0
C015,90.3,235.2
C016,77.4,212.1
C017,30.7,126.4
C018,39.6,149.2
C019,34.9,108.1
C020,20.0,74.4
C021,19.0,85.8
C022,93.9,233.0
C023,46.6,139.5
C024,41.4,121.9
C025,74.3,204.3
C026,57.5,147.6
C027,93.9,221.8
C028,79.1,179.8
C029,50.5,126.9
C030,40.8,114.0
C031,98.7,252.5
C032,73.2,226.1
C033,95.4,265.8
C034,16.3,48.9
C035,85.8,231.8
C036,65.5,172.8
C037,16.6,59.7
C038,60.9,170.9
C039,70.2,199.3
C040,6.2,34.5
C041,48.2,154.2
C042,83.4,203.9
C043,33.1,102.9
C044,48.6,178.2
C045,47.0,138.8
C046,33.7,125.7
C047,92.3,243.3
C048,79.2,219.8
C049,15.5,60.6
C050,99.7,256.7
C051,88.5,221.3
C052,32.0,106.7
C053,84.5,210.8
C054,15.1,70.5
C055,99.9,276.0
C056,68.2,190.8
C057,66.8,177.7
C058,13.6,63.8
C059,90.2,232.3
C060,7.8,57.4
C061,27.9,63.1
C062,18.6,63.7
C063,78.8,180.3
C064,23.8,58.5
C065,91.5,260.5
C066,67.3,196.6
C067,8.4,33.9
C068,5.5,15.4
C069,9.9,3.8
C070,62.6,164.0
C071,81.1,251.9
C072,27.7,96.6
C073,85.7,218.0
C074,10.4,56.4
C075,81.1,192.2
C076,93.1,239.3
C077,78.4,210.7
C078,71.3,191.3
C079,84.6,235.7
C080,8.8,50.8
C081,24.2,91.9
C082,16.9,54.4
C083,52.9,162.8
C084,75.8,227.6
C085,64.9,163.0
C086,85.9,213.5
C087,19.7,91.3
C088,74.8,197.9
C089,23.3,100.8
C090,30.7,90.5
C091,72.4,217.0
C092,98.1,257.5
C093,63.1,177.2
C094,10.2,72.4
C095,63.5,168.8
C096,9.0,32.0
C097,89.0,227.4
C098,72.4,201.9
C099,21.4,51.8
C100,13.7,66.8
