Car_ID,Car_Age_Years,Resale_Price_Lakhs
C001,4,8.7
C002,13,3.2
C003,11,4.7
C004,14,2.9
C005,5,8.4
C006,12,4.5
C007,8,4.8
C008,3,7.1
C009,3,9.7
C010,9,6.5
C011,5,6.9
C012,2,7.9
C013,7,6.7
C014,10,5.7
C015,5,9.2
C016,15,2.7
C017,12,3.6
C018,8,5.4
C019,15,2.3
C020,7,6.4
C021,3,8.0
C022,1,11.6
C023,15,3.7
C024,15,3.2
C025,12,3.2
C026,2,10.1
C027,5,8.3
C028,1,10.3
C029,1,10.9
C030,4,8.8
C031,9,6.1
C032,1,10.5
C033,15,2.5
C034,7,5.2
C035,4,8.4
C036,8,5.7
C037,12,2.9
C038,5,9.1
C039,1,11.3
C040,1,11.0
C041,13,3.6
C042,2,10.5
C043,10,5.0
C044,6,7.4
C045,12,3.0
C046,1,10.3
C047,14,2.8
C048,11,3.4
C049,7,6.6
C050,4,8.2
C051,15,3.7
C052,5,8.5
C053,8,6.1
C054,6,7.4
C055,4,8.3
C056,7,6.5
C057,3,8.0
C058,1,9.8
C059,5,7.2
C060,2,8.4
C061,7,7.1
C062,13,3.7
C063,3,7.4
C064,1,9.9
C065,2,10.2
C066,8,6.9
C067,5,8.6
C068,8,6.1
C069,1,9.3
C070,5,6.9
C071,7,6.9
C072,7,7.0
C073,9,6.6
C074,12,4.8
C075,8,6.0
C076,13,2.4
C077,8,5.8
C078,4,8.5
C079,4,8.1
C080,5,7.3
C081,9,5.8
C082,4,7.9
C083,14,2.3
C084,8,6.3
C085,13,3.0
C086,11,4.6
C087,6,7.4
C088,4,7.4
C089,12,3.5
C090,5,8.9
C091,4,7.4
C092,14,1.1
C093,8,4.6
C094,1,10.0
C095,8,6.1
C096,7,6.6
C097,13,4.3
C098,11,2.3
C099,3,9.2
C100,3,10.1
