Employee_ID,Coffee_Cups,Productivity_Score
E001,1,68.7
E002,3,89.0
E003,6,78.6
E004,4,71.3
E005,5,84.9
E006,3,85.9
E007,0,48.2
E008,0,60.0
E009,1,77.6
E010,1,49.8
E011,5,72.8
E012,5,79.6
E013,5,78.8
E014,4,84.5
E015,3,74.9
E016,4,63.8
E017,2,72.1
E018,4,73.4
E019,5,93.2
E020,5,78.0
E021,4,72.9
E022,0,62.3
E023,5,89.1
E024,2,71.6
E025,5,69.5
E026,3,77.3
E027,6,79.7
E028,2,69.9
E029,6,76.6
E030,5,86.6
E031,2,61.5
E032,3,62.7
E033,3,78.7
E034,5,84.9
E035,4,73.1
E036,5,94.6
E037,2,64.5
E038,3,73.3
E039,3,75.2
E040,6,83.0
E041,2,71.8
E042,4,73.7
E043,0,54.7
E044,5,93.9
E045,2,59.7
E046,2,48.7
E047,4,90.9
E048,3,93.4
E049,5,79.8
E050,3,57.5
E051,3,70.5
E052,0,55.7
E053,0,56.5
E054,2,59.1
E055,6,92.6
E056,6,92.2
E057,4,66.0
E058,4,83.6
E059,2,84.4
E060,1,64.4
E061,0,55.3
E062,2,66.9
E063,2,72.9
E064,1,49.2
E065,1,64.3
E066,0,54.9
E067,4,92.8
E068,6,86.6
E069,4,91.3
E070,3,64.2
E071,2,72.7
E072,2,70.6
E073,0,51.0
E074,4,79.4
E075,3,82.7
E076,0,55.4
E077,2,54.5
E078,1,62.9
E079,1,55.8
E080,4,75.3
E081,3,72.3
E082,4,64.4
E083,4,65.1
E084,6,91.9
E085,5,78.8
E086,4,57.5
E087,6,94.3
E088,3,75.2
E089,6,82.3
E090,5,72.5
E091,4,84.7
E092,6,90.8
E093,3,92.1
E094,5,86.4
E095,1,66.1
E096,6,86.7
E097,4,84.5
E098,5,88.0
E099,3,83.0
E100,6,83.8
