House_ID,House_Size_sqft,House_Price_Lakhs
H001,778,63.2
H002,2148,130.2
H003,1909,119.3
H004,1478,99.3
H005,1466,84.0
H006,2318,136.3
H007,771,54.8
H008,1995,117.3
H009,1003,68.2
H010,788,69.4
H011,1653,97.9
H012,2552,157.5
H013,2072,114.0
H014,2123,126.1
H015,2035,125.0
H016,2172,135.0
H017,1626,107.5
H018,856,68.1
H019,2280,134.1
H020,1501,92.8
H021,1601,107.3
H022,1341,86.4
H023,965,59.3
H024,2454,137.7
H025,2163,124.0
H026,1888,119.7
H027,1405,92.1
H028,2246,139.6
H029,1691,102.9
H030,1487,96.4
H031,1501,100.4
H032,1054,70.6
H033,784,62.0
H034,1709,102.2
H035,2376,139.0
H036,727,53.1
H037,2317,130.1
H038,2256,138.7
H039,1153,74.7
H040,1863,115.0
H041,930,69.7
H042,2116,131.2
H043,2001,126.7
H044,1309,85.4
H045,735,53.3
H046,2542,149.6
H047,1491,83.7
H048,2387,132.0
H049,1956,110.5
H050,2157,123.2
H051,2120,131.0
H052,989,63.1
H053,1328,84.4
H054,1533,106.8
H055,1596,98.5
H056,687,58.9
H057,1693,99.5
H058,908,63.8
H059,2087,119.9
H060,1966,117.9
H061,2445,151.0
H062,2090,114.6
H063,1333,90.4
H064,2535,151.5
H065,1422,87.8
H066,1251,72.9
H067,2411,143.9
H068,1341,84.0
H069,752,58.7
H070,1539,98.2
H071,2192,143.2
H072,979,67.2
H073,1526,90.2
H074,859,63.9
H075,1973,122.1
H076,1551,108.2
H077,1260,89.4
H078,1054,75.3
H079,1729,118.2
H080,1940,110.6
H081,2481,142.5
H082,1474,88.2
H083,921,63.2
H084,2266,126.2
H085,1860,119.2
H086,2001,120.5
H087,794,49.0
H088,1225,74.6
H089,2136,131.3
H090,2265,141.6
H091,1470,108.4
H092,2210,153.3
H093,2284,139.7
H094,1375,82.6
H095,2397,127.7
H096,1176,81.0
H097,1079,68.4
H098,1965,117.3
H099,1874,111.2
H100,879,62.7
