Order_ID,Category,Order_Amount
O101,Clothing,1800
O102,Electronics,3500
O103,Beauty,1200
O104,Home & Kitchen,2400
O105,Books,650
O106,Sports,1500
O107,Clothing,2200
O108,Electronics,4200
O109,Beauty,900
O110,Home & Kitchen,2800
O111,Books,800
O112,Sports,1900
O113,Clothing,1600
O114,Electronics,5200
O115,Beauty,1400
O116,Home & Kitchen,2100
O117,Books,700
O118,Sports,1300
O119,Clothing,2500
O120,Electronics,3800
O121,Beauty,1100
O122,Home & Kitchen,3200
O123,Books,950
O124,Sports,1700
O125,Clothing,2000
