Student_ID,Gender,Department,Year,City,Study_Hours,Sleep_Hours,Screen_Time,Attendance,Assignments_Completed,Internal_Marks,Final_Marks,Exam_Score,Grade,Placement_Status
STU001,Male,EEE,1st Year,Salem,4.5,8.2,2.9,78,5,72.9,77.9,73.9,B,Placed
STU002,Female,EEE,4th Year,Madurai,5.8,8.3,1,89,8,84.1,78.1,84,A,Placed
STU003,Female,IT,4th Year,Coimbatore,3.1,8.7,1.1,82.6,8,62.5,77.2,74.6,B,Placed
STU004,Female,IT,1st Year,Trichy,3.2,8.3,5,62.9,3,59.9,62.5,62.8,C,Not Placed
STU005,Male,ECE,4th Year,Salem,4.5,7.5,8.5,87.5,8,81,66.7,67.1,C,Not Placed
STU006,Male,CSE,2nd Year,Chennai,1.6,6,6.1,73.5,8,62.5,58.4,60.1,C,Not Placed
STU007,Female,IT,1st Year,Coimbatore,5.9,5.7,6.1,98.1,9,75.1,89.2,85.4,A,Placed
STU008,Male,EEE,2nd Year,Salem,2.9,7.1,2.2,70.9,6,74.2,76.9,78,B,Not Placed
STU009,Male,ECE,3rd Year,Madurai,6.1,7.6,5,92.2,8,84.8,77.1,78.3,B,Placed
STU010,Female,MECH,2nd Year,Trichy,3.3,5.9,4.1,78.4,6,63.7,68.3,63.4,C,Not Placed
STU011,Male,ECE,2nd Year,Bangalore,2.9,6.3,5,61.2,5,64.3,53,53.4,D,Not Placed
STU012,Male,IT,2nd Year,Madurai,3.9,6.4,3.4,77,8,71.8,67.3,67.1,C,Not Placed
STU013,Female,MECH,2nd Year,Chennai,5.4,7.6,5.8,75.2,9,70.7,82,85.7,A,Placed
STU014,Male,IT,1st Year,Bangalore,3.9,6.3,1.9,77.5,6,77,66.2,73.5,B,Placed
STU015,Female,CSE,2nd Year,Madurai,3.3,7.4,6.3,78.8,9,88.5,63.2,68.9,C,Not Placed
STU016,Male,MECH,3rd Year,Madurai,2.1,5.5,5.4,72.2,7,65.8,52,56.1,D,Not Placed
STU017,Female,ECE,3rd Year,Coimbatore,4.6,6.6,4.3,64,6,74.4,61.7,64.8,C,Not Placed
STU018,Male,IT,3rd Year,Salem,7,6.9,5.4,76.5,7,91.6,87.4,91.1,A+,Placed
STU019,Female,ECE,3rd Year,Madurai,3.3,7.3,9,74.2,7,71.1,66.1,66.3,C,Not Placed
STU020,Male,MECH,2nd Year,Trichy,6.8,8.3,2.9,82.9,7,76.5,81.5,75.4,B,Placed
STU021,Female,MECH,1st Year,Bangalore,4.7,5.7,2.3,73.8,5,68.5,79.1,81.7,A,Not Placed
STU022,Male,IT,2nd Year,Bangalore,2.8,7,3.6,71.5,5,80.7,54,64.3,C,Not Placed
STU023,Male,MECH,4th Year,Trichy,3.2,7.4,1.1,77.7,6,75.5,68.5,71.8,B,Placed
STU024,Male,CSE,2nd Year,Chennai,2.7,7.2,2.3,56.4,4,69.7,71.4,68.9,C,Not Placed
STU025,Female,MECH,2nd Year,Trichy,3.4,6.6,5,92.7,7,86.9,62.5,69.3,C,Not Placed
STU026,Male,IT,1st Year,Bangalore,3.4,6.2,3.6,83.7,10,68.6,67.4,69.3,C,Not Placed
STU027,Female,MECH,3rd Year,Chennai,6.5,7.2,5.5,87.9,9,92.1,93.8,98,A+,Placed
STU028,Male,EEE,4th Year,Bangalore,5.4,7.2,2.6,87.2,7,77.8,80.9,79.8,B,Placed
STU029,Male,IT,3rd Year,Madurai,6,5.8,2.4,78.1,9,83.7,88.7,86.9,A,Placed
STU030,Male,EEE,2nd Year,Chennai,4.6,6.1,1.5,69.6,6,83.5,85.5,83.7,A,Not Placed
STU031,Male,CSE,4th Year,Salem,5.6,6.8,5.7,80.9,8,81.8,81.7,83.5,A,Placed
STU032,Male,IT,2nd Year,Salem,5.4,7.6,5.6,87.6,8,76.6,82.2,78.8,B,Placed
STU033,Male,MECH,2nd Year,Chennai,4.7,8.2,3.8,81.3,8,84,84.7,83.1,A,Placed
STU034,Male,EEE,2nd Year,Salem,1,8.4,4,65.8,5,56.5,58.3,60.2,C,Not Placed
STU035,Female,MECH,2nd Year,Chennai,4.8,6.4,4.9,80.2,7,72.9,76.3,76.9,B,Placed
STU036,Male,ECE,2nd Year,Bangalore,5.5,8.6,4.3,90.6,6,89.2,82.8,80.3,A,Placed
STU037,Female,ECE,1st Year,Trichy,4.3,8.7,6.1,73.6,6,78.1,61,70.8,B,Not Placed
STU038,Female,ECE,1st Year,Chennai,5.8,6.4,5.1,83.8,9,79.1,91.2,87,A,Placed
STU039,Male,CSE,1st Year,Coimbatore,4.1,6.3,7.3,79.4,7,80.5,76.3,79.8,B,Placed
STU040,Male,CSE,1st Year,Chennai,2.6,5.9,5.1,69.9,2,63.8,56.1,60.7,C,Not Placed
STU041,Female,MECH,1st Year,Bangalore,4.4,8.1,1,73.4,7,83.6,76.3,78.3,B,Not Placed
STU042,Female,ECE,3rd Year,Salem,4.2,6.3,1.1,93.5,8,81.3,92.4,90.3,A+,Placed
STU043,Female,IT,4th Year,Coimbatore,4,6.3,2.5,72.3,4,79.3,55.7,67.7,C,Not Placed
STU044,Female,ECE,1st Year,Bangalore,2.7,8.5,4.6,81,7,70.8,68.4,67.4,C,Not Placed
STU045,Female,IT,1st Year,Chennai,6.2,9,5.8,83.1,7,80,80.4,79.5,B,Placed
STU046,Female,CSE,4th Year,Trichy,5,6.2,3.2,85.6,7,71.8,96.9,89.7,A,Placed
STU047,Female,EEE,1st Year,Chennai,5,7.3,3.9,88.3,7,79.4,75.3,78,B,Placed
STU048,Male,CSE,2nd Year,Chennai,6.2,7.7,4.5,97.3,9,82.3,98,95.7,A+,Placed
STU049,Female,CSE,2nd Year,Trichy,5.8,5.5,1.2,91.4,8,86.1,85.7,85.1,A,Placed
STU050,Female,CSE,1st Year,Madurai,3,5.9,4.6,66.6,6,66.5,59.7,58.7,D,Not Placed
STU051,Male,MECH,4th Year,Trichy,2.8,6.3,5.4,74.2,9,78.6,68.3,68.6,C,Not Placed
STU052,Female,IT,2nd Year,Coimbatore,1.5,6.8,4.9,60.5,6,46.9,50,45.6,D,Not Placed
STU053,Male,CSE,2nd Year,Chennai,3,7.6,6.4,79.4,6,86.1,51.1,56.7,D,Not Placed
STU054,Male,EEE,4th Year,Trichy,4.3,6.2,4.6,77.2,8,77.3,75,74.4,B,Placed
STU055,Female,CSE,1st Year,Trichy,4.6,7.8,1,82.2,7,84.2,76.7,82.5,A,Placed
STU056,Female,IT,2nd Year,Coimbatore,3.8,8.5,5.1,74.8,8,57.1,70.3,69.3,C,Not Placed
STU057,Female,MECH,3rd Year,Chennai,2.6,6.4,5.4,81.8,9,68.2,59.2,62.6,C,Not Placed
STU058,Male,CSE,4th Year,Salem,3.9,6.3,5.3,79.5,8,70.2,68.3,65.8,C,Not Placed
STU059,Female,CSE,2nd Year,Bangalore,5.1,7.8,6.9,89.6,6,83.8,72.1,73.5,B,Placed
STU060,Female,ECE,2nd Year,Madurai,4.7,6.7,5,70.9,9,77.3,73.9,76.9,B,Not Placed
STU061,Male,MECH,3rd Year,Trichy,4.2,5.7,2.2,92.9,9,78.2,77.3,79.9,B,Placed
STU062,Male,MECH,4th Year,Chennai,3.9,7.9,1.6,89,8,72.4,68.6,64.6,C,Not Placed
STU063,Female,MECH,2nd Year,Trichy,5.6,6,1.9,81.1,6,81.4,83.7,79.2,B,Placed
STU064,Male,MECH,2nd Year,Coimbatore,6.4,7.9,4,77.4,10,86.3,86.2,86.1,A,Placed
STU065,Female,MECH,1st Year,Chennai,7.4,5.7,6.9,68.8,4,80.7,79.4,80.3,A,Not Placed
STU066,Female,MECH,4th Year,Salem,1.8,6,2.6,83,9,73,65.5,64,C,Not Placed
STU067,Female,CSE,4th Year,Madurai,4.5,5.7,3.9,77.3,8,69.8,76.1,75.3,B,Placed
STU068,Female,ECE,1st Year,Bangalore,4.6,6.5,5.1,69.6,7,74.4,68.5,73.1,B,Not Placed
STU069,Male,IT,3rd Year,Chennai,4.9,5.4,6.6,63.1,4,71.8,77.3,75.8,B,Not Placed
STU070,Female,CSE,2nd Year,Chennai,6.8,7.5,3.4,84.6,6,90,79.8,84,A,Placed
STU071,Male,ECE,4th Year,Madurai,4.2,7.8,7.3,85.9,6,67.3,67.6,67.6,C,Not Placed
STU072,Female,EEE,1st Year,Bangalore,1.8,7.4,1.9,62.4,7,54,59.1,52.6,D,Not Placed
STU073,Male,ECE,4th Year,Salem,2.6,7.5,3.5,72.8,10,65.4,69.7,66.5,C,Not Placed
STU074,Male,CSE,3rd Year,Bangalore,6.6,6.8,1.9,83.7,8,91.6,83.1,88,A,Placed
STU075,Female,IT,1st Year,Trichy,3.7,7.4,4.8,65.4,6,74.5,69.3,73.8,B,Not Placed
STU076,Female,EEE,2nd Year,Coimbatore,1.7,6.7,5.9,69.4,7,59.3,60.9,60.3,C,Not Placed
STU077,Female,ECE,3rd Year,Chennai,2,8.2,3,91.6,8,73.7,49.2,51.4,D,Not Placed
STU078,Female,EEE,2nd Year,Salem,5,7.1,2.2,85.7,9,80.8,89.9,85.6,A,Placed
STU079,Female,IT,3rd Year,Madurai,3.2,8.3,7.2,69.9,6,66.5,52.1,52.9,D,Not Placed
STU080,Female,CSE,1st Year,Chennai,1.1,5.6,2.7,71.6,6,52.6,68.9,62.8,C,Not Placed
STU081,Male,MECH,2nd Year,Coimbatore,4,7.3,5,97,8,73.9,71.8,70.7,B,Placed
STU082,Female,IT,1st Year,Chennai,3.3,5.6,5.9,82.8,8,68.7,61.9,61.5,C,Not Placed
STU083,Male,MECH,4th Year,Bangalore,1,5.9,4.2,55,5,53.6,47.1,49.4,D,Not Placed
STU084,Female,IT,1st Year,Bangalore,3.5,6.9,5.4,75.5,7,78.2,67.4,72.7,B,Placed
STU085,Female,ECE,2nd Year,Bangalore,4.1,7.1,6.1,81.1,8,80.3,75,78.9,B,Placed
STU086,Female,ECE,4th Year,Bangalore,3.6,6.9,6.6,69,7,67.5,64.4,69,C,Not Placed
STU087,Female,CSE,2nd Year,Salem,2.4,7,4.1,72.7,8,63.5,51.7,53.5,D,Not Placed
STU088,Male,EEE,1st Year,Madurai,4.5,6.2,4.1,93.8,8,92.7,86.5,93.2,A+,Placed
STU089,Male,CSE,4th Year,Bangalore,5.4,6.3,4.3,72.7,7,88.2,74.5,80.6,A,Not Placed
STU090,Male,ECE,3rd Year,Bangalore,3.5,5.7,4.3,80.3,6,83.5,75,76.5,B,Placed
STU091,Male,CSE,4th Year,Coimbatore,4.5,8.5,8.8,65.9,5,71,78.7,69.4,C,Not Placed
STU092,Male,CSE,1st Year,Trichy,4.1,7.5,4.3,89,7,89,74.4,73.8,B,Placed
STU093,Female,IT,3rd Year,Madurai,4.2,6.8,4.3,68.6,5,84.8,78.4,82.2,A,Not Placed
STU094,Female,MECH,3rd Year,Bangalore,2.9,7.2,4.8,65.8,6,63.8,56.5,54.9,D,Not Placed
STU095,Female,CSE,3rd Year,Chennai,3.1,7.9,5.6,66.1,6,68.5,73.4,76.4,B,Not Placed
STU096,Female,MECH,4th Year,Coimbatore,5.6,7.4,3.9,99,10,95,96.6,97.6,A+,Placed
STU097,Male,ECE,3rd Year,Bangalore,2.9,6.3,4,76.4,8,64.2,64,70.4,B,Not Placed
STU098,Female,EEE,2nd Year,Madurai,2.2,7.4,3.6,72.1,8,63.3,65.6,67.6,C,Not Placed
STU099,Male,IT,2nd Year,Bangalore,4.1,7.8,7.4,74,8,73.6,67.1,71.4,B,Not Placed
STU100,Male,ECE,4th Year,Salem,4.5,5.5,6.8,85.5,8,73.3,76.9,75.1,B,Placed
STU101,Male,CSE,4th Year,Madurai,4.9,4,6.5,66.6,6,68.6,62.7,67.6,C,Not Placed
STU102,Female,IT,2nd Year,Coimbatore,4.4,6.5,1.2,73.5,9,71.1,73.8,69.7,C,Not Placed
STU103,Female,EEE,1st Year,Salem,5,8,6.6,80.2,8,88.5,74,78.8,B,Placed
STU104,Female,IT,1st Year,Coimbatore,4.8,6.9,5.7,79.7,7,64.4,82,78.7,B,Placed
STU105,Female,IT,3rd Year,Bangalore,2.8,7.3,5.5,66.1,5,61.6,58.6,59.2,D,Not Placed
STU106,Male,EEE,4th Year,Bangalore,3.2,7.1,5.6,75.4,7,76.7,51.8,60.8,C,Not Placed
STU107,Female,ECE,2nd Year,Bangalore,3.3,7,3.5,72,8,74.5,65.3,69.9,C,Not Placed
STU108,Female,MECH,2nd Year,Coimbatore,3.4,7.7,6.2,64.1,7,58.1,70,73.1,B,Not Placed
STU109,Female,ECE,3rd Year,Salem,1,8.6,4.6,63.9,6,49.2,48.5,53.5,D,Not Placed
STU110,Female,MECH,4th Year,Salem,1.5,7,1,63.5,8,61.3,55.6,62.5,C,Not Placed
STU111,Male,IT,4th Year,Trichy,2.1,8.3,4.3,58.9,5,58.3,57.5,64.7,C,Not Placed
STU112,Male,MECH,3rd Year,Chennai,2.6,7,3.3,84.5,6,68.8,67.7,69.2,C,Not Placed
STU113,Female,CSE,4th Year,Bangalore,2.6,6.6,3.7,81.3,6,68.4,82,79.8,B,Not Placed
STU114,Male,ECE,1st Year,Bangalore,4.8,6.5,5,92.5,7,73.4,84.7,83.2,A,Placed
STU115,Male,CSE,3rd Year,Coimbatore,6.9,5.6,5.4,82.4,7,92.6,98,98,A+,Placed
STU116,Female,IT,3rd Year,Trichy,4.7,5.3,3.4,95.2,10,77.9,84,86.1,A,Placed
STU117,Female,MECH,4th Year,Madurai,4.9,5.5,1.7,93.4,7,72.9,76.2,81.6,A,Placed
STU118,Female,ECE,1st Year,Coimbatore,1.9,7.6,7.4,76.2,7,52.5,44.8,42.8,D,Not Placed
STU119,Female,IT,2nd Year,Madurai,2.6,7,4.7,75.1,6,70.4,50.8,50.2,D,Not Placed
STU120,Male,IT,4th Year,Chennai,1,6.3,3.2,72.1,6,59.9,57.5,56,D,Not Placed
STU121,Male,EEE,4th Year,Bangalore,2.3,5.9,3.3,68.8,6,68.9,53,52.1,D,Not Placed
STU122,Female,MECH,1st Year,Trichy,4.3,8.2,1.1,88.1,5,77.6,93.9,91.8,A+,Placed
STU123,Female,ECE,3rd Year,Chennai,3.3,6.3,3.6,82.4,8,72.1,63.6,73.6,B,Placed
STU124,Female,ECE,1st Year,Salem,4.2,6.7,5.4,85.9,8,69.1,62.8,64.5,C,Not Placed
STU125,Female,EEE,1st Year,Salem,4.7,6.9,3.9,85,8,77.3,68.8,66.2,C,Not Placed
STU126,Male,CSE,1st Year,Madurai,6.1,6.7,2,92.2,7,85.3,84.7,83.1,A,Placed
STU127,Male,ECE,4th Year,Coimbatore,4.4,8,6.1,66.9,3,80.6,59.6,64.2,C,Not Placed
STU128,Female,IT,1st Year,Salem,4.4,6.7,3.5,75.5,9,72.8,85.8,84.9,A,Placed
STU129,Male,IT,4th Year,Trichy,2.1,7.3,2.1,64,6,77.7,52.6,57.5,D,Not Placed
STU130,Female,MECH,2nd Year,Bangalore,5.3,7.3,6.2,84.8,8,81.1,83.1,83.1,A,Placed
STU131,Female,CSE,2nd Year,Chennai,3.7,7,5.5,80,4,72.1,58.2,60.9,C,Not Placed
STU132,Female,IT,4th Year,Madurai,3,6.7,6.4,77.8,4,70.1,64.7,66,C,Not Placed
STU133,Male,MECH,4th Year,Chennai,2.3,5,6.6,72.2,6,59.4,57.3,55.3,D,Not Placed
STU134,Male,EEE,2nd Year,Bangalore,3.5,6.7,4.5,79.9,7,76.7,68,67,C,Not Placed
STU135,Female,IT,4th Year,Bangalore,7.1,7.2,4.9,81.7,7,84.8,75.9,81,A,Placed
STU136,Female,IT,4th Year,Trichy,3.7,8.8,2.4,85.3,7,77.9,88,87.5,A,Placed
STU137,Male,MECH,4th Year,Bangalore,2,7,4.3,66.6,5,68.3,67.7,68.8,C,Not Placed
STU138,Male,ECE,1st Year,Trichy,3.8,7.3,3.8,68.8,8,67.8,72.3,75.5,B,Not Placed
STU139,Male,CSE,1st Year,Madurai,5.2,7,2.5,79.9,9,82.1,84.4,84.9,A,Placed
STU140,Female,CSE,4th Year,Madurai,2,7.9,5.8,74.2,9,69.9,61.3,56.8,D,Not Placed
STU141,Female,EEE,4th Year,Salem,5,7.6,6.4,87.1,8,89,70.5,75.1,B,Placed
STU142,Female,EEE,4th Year,Madurai,1.4,8.3,7.4,61.4,7,54.1,49.4,48.1,D,Not Placed
STU143,Male,ECE,1st Year,Chennai,6,8.8,8,94.3,10,90.9,90.4,88.9,A,Placed
STU144,Male,CSE,1st Year,Chennai,5.4,6.2,6.1,87.8,5,88.2,77.9,77.8,B,Placed
STU145,Female,IT,1st Year,Trichy,4.7,7.5,3,88.2,9,71.6,70,70.3,B,Placed
STU146,Male,EEE,2nd Year,Bangalore,6.4,8.3,3.7,77.5,7,73.8,88.9,84.7,A,Placed
STU147,Male,IT,4th Year,Bangalore,3.3,7.2,4.2,85.6,6,71.5,70.4,69.6,C,Not Placed
STU148,Male,IT,3rd Year,Madurai,3,7.3,2.8,75.7,8,77,64.6,67.1,C,Not Placed
STU149,Male,CSE,4th Year,Chennai,2.6,5.9,4,84.5,7,68.2,65.5,62.8,C,Not Placed
STU150,Male,IT,4th Year,Coimbatore,3.9,7.3,1.8,72.6,8,63.8,73,66.6,C,Not Placed
STU151,Male,MECH,3rd Year,Salem,2.7,6.5,3.8,67.8,7,62.4,67.6,74.3,B,Not Placed
STU152,Male,MECH,3rd Year,Bangalore,4,6.4,3.1,78.1,6,53.8,75.5,72.8,B,Placed
STU153,Female,IT,3rd Year,Salem,2.8,6.9,6.9,73.1,6,66.8,56,60.5,C,Not Placed
STU154,Female,ECE,4th Year,Bangalore,4.3,6,3.7,72.8,7,79.1,74.7,80.6,A,Not Placed
STU155,Male,CSE,2nd Year,Coimbatore,2.7,5.3,3.6,82.1,5,61.2,64.1,60.8,C,Not Placed
STU156,Female,CSE,1st Year,Madurai,5.6,6.1,2.9,74.2,5,85,81.4,85.2,A,Not Placed
STU157,Female,ECE,1st Year,Salem,1.6,8.1,8.8,69.6,6,58.3,55.9,58.2,D,Not Placed
STU158,Female,EEE,4th Year,Coimbatore,2.6,7.9,4.5,74.3,7,62,64,61.2,C,Not Placed
STU159,Male,CSE,4th Year,Bangalore,3.1,5.5,5.3,71.8,7,65.2,53.6,59.7,D,Not Placed
STU160,Female,EEE,2nd Year,Trichy,4.6,6,3.5,76.1,6,62.3,80.1,79.4,B,Placed
STU161,Male,EEE,3rd Year,Coimbatore,3.9,6.9,5.1,70.3,8,64.1,64.7,66.1,C,Not Placed
STU162,Female,MECH,1st Year,Madurai,3,6.6,3.6,84.8,8,71.6,72,70.1,B,Not Placed
STU163,Male,MECH,3rd Year,Coimbatore,3.3,5.7,2.3,69.8,5,66.8,75.1,71.9,B,Not Placed
STU164,Female,CSE,2nd Year,Chennai,4.3,6.1,5.9,82.5,8,77.6,87.6,87.9,A,Placed
STU165,Female,ECE,2nd Year,Salem,3.3,6.5,4.3,72.7,7,65.4,71,67.9,C,Not Placed
STU166,Male,CSE,3rd Year,Coimbatore,2.9,6.9,2.5,62.8,7,66.5,57.6,54.7,D,Not Placed
STU167,Female,EEE,3rd Year,Coimbatore,2.1,7.6,4.4,57.7,5,72.8,45.7,52.2,D,Not Placed
STU168,Female,CSE,1st Year,Coimbatore,3.7,7.4,5.5,85.6,7,76.6,75.6,73.8,B,Placed
STU169,Female,IT,2nd Year,Bangalore,4.3,6.8,3.4,65.9,6,70.1,69,70.2,B,Not Placed
STU170,Male,IT,3rd Year,Chennai,3,9,2.3,55,6,81.5,62.3,68,C,Not Placed
STU171,Female,IT,2nd Year,Salem,3.1,5.5,3.5,80.7,7,79.4,68.4,74.1,B,Placed
STU172,Female,EEE,4th Year,Chennai,3.2,6.1,2.2,59.5,6,65.6,68.4,72.3,B,Not Placed
STU173,Male,EEE,4th Year,Madurai,4.8,7.2,3.9,84.7,9,83.2,73.5,76.7,B,Placed
STU174,Female,EEE,1st Year,Bangalore,3.5,6.1,4.8,78.8,6,81.5,67.1,70.8,B,Placed
STU175,Male,MECH,3rd Year,Bangalore,4.3,7.4,4.6,72.5,5,70.2,90.2,83.8,A,Not Placed
STU176,Male,CSE,3rd Year,Salem,5.6,5.9,6.1,86.6,7,95,73.5,81.6,A,Placed
STU177,Female,EEE,2nd Year,Chennai,4.5,7.3,1.4,73.7,4,84.2,86.8,88.4,A,Not Placed
STU178,Female,IT,1st Year,Trichy,2.3,6.6,4,76.8,9,74.9,56.3,60.3,C,Not Placed
STU179,Male,IT,3rd Year,Coimbatore,1.5,8.1,7.7,64.1,6,51.1,49.2,48.3,D,Not Placed
STU180,Male,IT,1st Year,Madurai,3.7,6.4,4.1,88.8,9,72.3,77.3,75,B,Placed
STU181,Female,EEE,4th Year,Coimbatore,1.6,5.3,5.4,55,5,49.9,60.3,58.4,D,Not Placed
STU182,Male,IT,2nd Year,Coimbatore,2.7,6.2,4.2,68.5,4,71,53,58.2,D,Not Placed
STU183,Male,ECE,3rd Year,Madurai,4.2,7.7,7.8,87,7,67.8,72,69.2,C,Not Placed
STU184,Female,CSE,4th Year,Madurai,4.2,7.3,6.3,78.6,8,72.2,72.6,71.4,B,Placed
STU185,Male,MECH,4th Year,Chennai,3.6,5.6,4.5,78.9,7,79.7,58.9,61.5,C,Not Placed
STU186,Female,EEE,2nd Year,Madurai,1,9,6.3,67.6,6,59.2,51.7,55.5,D,Not Placed
STU187,Male,MECH,1st Year,Coimbatore,5.4,6.6,4.3,90.7,10,84.8,97.4,93.5,A+,Placed
STU188,Male,ECE,1st Year,Chennai,2.4,5.4,3.4,78.2,8,69.9,67.3,69.5,C,Not Placed
STU189,Male,CSE,4th Year,Madurai,4.8,8,5.5,83.7,7,80.4,70.9,73.2,B,Placed
STU190,Female,CSE,2nd Year,Bangalore,6.8,7.6,7.4,93,9,95,89,85.7,A,Placed
STU191,Female,EEE,3rd Year,Chennai,4.4,6.5,1.8,72.6,6,70.2,74.6,72.5,B,Not Placed
STU192,Male,ECE,4th Year,Trichy,1.5,8,3,70.3,6,67.1,69.8,65.2,C,Not Placed
STU193,Female,ECE,3rd Year,Madurai,1.6,6.6,2.7,60,4,60,54.2,57,D,Not Placed
STU194,Male,CSE,4th Year,Bangalore,4.6,7.6,3.4,67.1,7,81.5,78.7,80,B,Not Placed
STU195,Female,CSE,2nd Year,Coimbatore,2.6,7.9,4,65.7,7,61.4,66.5,63.2,C,Not Placed
STU196,Male,IT,2nd Year,Coimbatore,4.1,7.3,5.8,78.3,8,80.7,67.6,69,C,Not Placed
STU197,Male,CSE,2nd Year,Bangalore,4.3,6,8.3,75.2,4,75,68.8,73.7,B,Placed
STU198,Female,IT,2nd Year,Salem,5.5,6.5,3.8,86.9,7,95,81.6,86.1,A,Placed
STU199,Male,ECE,2nd Year,Madurai,4.3,5.9,3,87.4,7,88.9,70.6,77.1,B,Placed
STU200,Male,IT,2nd Year,Trichy,1.4,6.9,1.9,58.1,5,38.8,56.6,44.9,D,Not Placed
