Student_ID,Study_Hours,Exam_Score
S001,8.4,86.4
S002,9.1,79.1
S003,2.3,39.0
S004,6.0,87.1
S005,2.0,38.4
S006,7.1,71.3
S007,3.5,69.6
S008,6.9,98.1
S009,7.5,73.3
S010,7.9,81.4
S011,2.0,49.8
S012,9.2,100.0
S013,3.1,47.3
S014,1.3,41.3
S015,6.0,77.6
S016,4.3,64.7
S017,8.5,85.1
S018,8.3,85.5
S019,3.9,49.6
S020,9.6,92.9
S021,3.6,55.5
S022,5.6,71.3
S023,3.3,51.6
S024,9.4,96.6
S025,2.5,57.6
S026,1.4,44.8
S027,4.9,67.8
S028,9.9,96.8
S029,9.0,90.8
S030,7.7,77.7
S031,9.0,93.0
S032,9.0,90.1
S033,5.7,85.0
S034,3.8,69.6
S035,7.9,86.7
S036,7.0,73.1
S037,4.4,54.5
S038,1.9,55.1
S039,7.7,84.6
S040,3.4,59.4
S041,9.4,81.1
S042,3.2,61.3
S043,2.1,51.2
S044,8.5,79.9
S045,2.4,46.6
S046,2.6,53.0
S047,6.4,75.0
S048,8.9,88.1
S049,2.8,51.6
S050,3.8,56.8
S051,8.0,85.7
S052,9.7,100.0
S053,5.5,51.1
S054,2.3,47.6
S055,1.1,43.1
S056,3.1,56.3
S057,2.2,46.0
S058,7.1,66.7
S059,2.1,50.3
S060,5.6,81.8
S061,7.2,68.9
S062,6.2,79.5
S063,2.8,50.1
S064,8.2,85.4
S065,7.4,73.5
S066,7.7,80.4
S067,2.2,57.7
S068,2.1,52.1
S069,9.3,100.0
S070,4.6,71.8
S071,3.7,61.0
S072,5.4,80.7
S073,7.0,81.5
S074,9.6,100.0
S075,3.6,55.2
S076,9.3,93.1
S077,1.2,37.6
S078,6.0,79.1
S079,6.7,68.3
S080,2.0,52.9
S081,2.3,47.9
S082,4.8,73.0
S083,9.7,100.0
S084,6.4,87.4
S085,9.4,98.4
S086,8.2,74.8
S087,5.2,66.8
S088,8.1,77.0
S089,1.2,38.8
S090,2.0,58.0
S091,8.5,92.2
S092,8.2,80.9
S093,3.1,47.1
S094,5.8,71.2
S095,6.5,66.8
S096,8.8,84.9
S097,6.4,76.9
S098,4.7,72.2
S099,4.4,66.5
S100,4.8,48.7
